id,label
00000.png,O
00001.png,RRYU
00002.png,5
00003.png,7GUU
00004.png,A
00005.png,COU
00006.png,DP
00007.png,B
00008.png,MCNY
00009.png,6P2H
00010.png,O
00011.png,XOVE
00012.png,RV
00013.png,C
00014.png,CYOY
00015.png,CZV1
00016.png,AU
00017.png,Z2L
00018.png,BU1
00019.png,U
00020.png,7FE1
00021.png,YW2U
00022.png,WX
00023.png,M
00024.png,HYYG
00025.png,56B
00026.png,BU
00027.png,O5M
00028.png,PYC
00029.png,7QC5
00030.png,QFU
00031.png,3
00032.png,5
00033.png,P
00034.png,
00035.png,H24
00036.png,S
00037.png,Y
00038.png,522
00039.png,B1
00040.png,RGN
00041.png,ZU
00042.png,ZG
00043.png,QSY
00044.png,A
00045.png,OFBU
00046.png,Z4
00047.png,6O
00048.png,Q72P
00049.png,V5
00050.png,5FYM
00051.png,RF
00052.png,
00053.png,V
00054.png,WK
00055.png,7
00056.png,7WU
00057.png,PSM
00058.png,
00059.png,E4
00060.png,B
00061.png,YQO
00062.png,MU1
00063.png,2U
00064.png,OUR5
00065.png,7BYU
00066.png,YZ
00067.png,X
00068.png,Y7U
00069.png,SU
00070.png,A
00071.png,AZRM
00072.png,YKN
00073.png,B
00074.png,KSU
00075.png,OM1
00076.png,7QS4
00077.png,AP
00078.png,O4CR
00079.png,RC
00080.png,WEW
00081.png,AW
00082.png,4CU
00083.png,O
00084.png,U
00085.png,Y
00086.png,7G
00087.png,6OG
00088.png,425
00089.png,UR
00090.png,7B
00091.png,
00092.png,YM
00093.png,WAEG
00094.png,MY2
00095.png,2
00096.png,
00097.png,P
00098.png,Z2
00099.png,W
00100.png,Z
00101.png,L
00102.png,GQL
00103.png,VOUU
00104.png,OXBW
00105.png,YP
00106.png,E2P
00107.png,U
00108.png,9BC
00109.png,YQA4
00110.png,Y
00111.png,7MW
00112.png,OXH1
00113.png,W22R
00114.png,DFB
00115.png,2
00116.png,SE
00117.png,PK2
00118.png,4M
00119.png,52U5
00120.png,42
00121.png,YS5
00122.png,7XAC
00123.png,6
00124.png,7RU
00125.png,A
00126.png,BUM
00127.png,
00128.png,
00129.png,YYU
00130.png,RN
00131.png,MI
00132.png,72U
00133.png,9HL
00134.png,5QK
00135.png,ONE
00136.png,OYA1
00137.png,7XO2
00138.png,Q
00139.png,7E
00140.png,U
00141.png,YWWR
00142.png,BSY
00143.png,CU
00144.png,WY
00145.png,5Y2R
00146.png,GUN
00147.png,Z
00148.png,HU
00149.png,W
00150.png,PC
00151.png,
00152.png,QBM
00153.png,OQM2
00154.png,WCU
00155.png,UH6
00156.png,YRY
00157.png,X721
00158.png,7BU1
00159.png,7Z72
00160.png,B
00161.png,I
00162.png,UH
00163.png,Y
00164.png,YUL
00165.png,OK2
00166.png,AKVX
00167.png,NXS
00168.png,OW1
00169.png,5P75
00170.png,O7G
00171.png,E
00172.png,B
00173.png,ZBY
00174.png,YF
00175.png,BQ
00176.png,GYOU
00177.png,7YCR
00178.png,Y1R
00179.png,47VE
00180.png,W
00181.png,Y
00182.png,Z7G
00183.png,UB
00184.png,V5
00185.png,Y
00186.png,POA
00187.png,YOKB
00188.png,7Z25
00189.png,2
00190.png,61SU
00191.png,OPB
00192.png,AYAL
00193.png,G2
00194.png,QGV1
00195.png,ZY
00196.png,
00197.png,572R
00198.png,CMP
00199.png,Q2UE
00200.png,O2B
00201.png,
00202.png,YNU
00203.png,OYU
00204.png,5U
00205.png,7
00206.png,Y
00207.png,7C
00208.png,47UU
00209.png,HW
00210.png,5MU
00211.png,BCM
00212.png,U2
00213.png,U
00214.png,OQB5
00215.png,7YU
00216.png,RWA5
00217.png,U
00218.png,RKM
00219.png,ZNE
00220.png,AZCU
00221.png,GBEY
00222.png,U
00223.png,8B
00224.png,CN
00225.png,76CU
00226.png,721
00227.png,M
00228.png,7
00229.png,P2U
00230.png,WRYU
00231.png,FM
00232.png,B2AT
00233.png,WFR
00234.png,5PM
00235.png,B6
00236.png,AK
00237.png,WWHH
00238.png,O2V
00239.png,7
00240.png,5UO
00241.png,Z2
00242.png,M5
00243.png,6Y
00244.png,YOU5
00245.png,DZOU
00246.png,W
00247.png,R6
00248.png,UO
00249.png,HVH
00250.png,2UW
00251.png,Z
00252.png,RXWV
00253.png,P
00254.png,YSU1
00255.png,22
00256.png,YU5
00257.png,MM
00258.png,4GG
00259.png,G
00260.png,8W2L
00261.png,SU
00262.png,5FC
00263.png,5BU
00264.png,OF8R
00265.png,S
00266.png,B
00267.png,OM
00268.png,OXU
00269.png,AOU
00270.png,GU1
00271.png,BE1
00272.png,
00273.png,EC
00274.png,KC
00275.png,5
00276.png,GC
00277.png,O
00278.png,5ZU
00279.png,QV
00280.png,R
00281.png,WQG
00282.png,W
00283.png,YU
00284.png,QS
00285.png,4
00286.png,YU
00287.png,72
00288.png,OPOV
00289.png,V
00290.png,KU
00291.png,O
00292.png,1
00293.png,KM2X
00294.png,72U1
00295.png,7BUY
00296.png,BUM
00297.png,H
00298.png,5FO2
00299.png,OT
00300.png,O
00301.png,O21
00302.png,FHU
00303.png,FUM
00304.png,7
00305.png,RM
00306.png,Y25
00307.png,VT
00308.png,C
00309.png,ZU
00310.png,Z22
00311.png,ZO
00312.png,OQ
00313.png,O6GP
00314.png,WQ4R
00315.png,B
00316.png,
00317.png,O
00318.png,QC
00319.png,Z
00320.png,5SCM
00321.png,W2U
00322.png,OZKU
00323.png,5Q5
00324.png,Y2N1
00325.png,YQ
00326.png,W
00327.png,Z2R
00328.png,OV5
00329.png,ZKA5
00330.png,W22U
00331.png,5Y
00332.png,W
00333.png,7QYG
00334.png,5ZU
00335.png,OUBW
00336.png,7QUU
00337.png,PWP
00338.png,2V5
00339.png,YY
00340.png,QPY
00341.png,U2
00342.png,RU
00343.png,QYWR
00344.png,7NU
00345.png,6
00346.png,OMV1
00347.png,77UT
00348.png,WYU
00349.png,YYUU
00350.png,OZGU
00351.png,2
00352.png,Y7UL
00353.png,5YVA
00354.png,7C2S
00355.png,V
00356.png,Q0
00357.png,H
00358.png,EM
00359.png,YEU
00360.png,W
00361.png,7W
00362.png,TU
00363.png,OO2
00364.png,U
00365.png,Q2B
00366.png,5R5
00367.png,W6YG
00368.png,Q
00369.png,K5P
00370.png,YPE
00371.png,O
00372.png,5
00373.png,PO
00374.png,YSU
00375.png,OWS1
00376.png,O2U
00377.png,OFKP
00378.png,YZMU
00379.png,4ZM
00380.png,7U
00381.png,V
00382.png,SC
00383.png,B
00384.png,YU5
00385.png,QOU
00386.png,EB
00387.png,ZUUH
00388.png,YYU
00389.png,Y
00390.png,UB
00391.png,SB
00392.png,
00393.png,YF2U
00394.png,BP2
00395.png,OOE
00396.png,B
00397.png,76
00398.png,L
00399.png,U
00400.png,WHG
00401.png,L
00402.png,O
00403.png,442
00404.png,22
00405.png,BFA
00406.png,XU1
00407.png,Q
00408.png,R2A
00409.png,Y
00410.png,3
00411.png,QSM
00412.png,M2R
00413.png,G6U2
00414.png,2
00415.png,7
00416.png,YM
00417.png,BC
00418.png,YBA
00419.png,5SH
00420.png,FOAR
00421.png,5QVY
00422.png,XS
00423.png,OQL
00424.png,BQ2X
00425.png,
00426.png,YW
00427.png,O2
00428.png,Y2
00429.png,ARUE
00430.png,
00431.png,OKU
00432.png,O
00433.png,O3YU
00434.png,WQOM
00435.png,BP
00436.png,5XUY
00437.png,OY72
00438.png,LZWA
00439.png,7QG1
00440.png,R
00441.png,BPU
00442.png,UX
00443.png,O4MU
00444.png,DUU
00445.png,EQU
00446.png,B2
00447.png,2
00448.png,GYT
00449.png,PNL
00450.png,O2
00451.png,R
00452.png,
00453.png,1
00454.png,OOB
00455.png,7
00456.png,7BCW
00457.png,OZBK
00458.png,YA5
00459.png,FAYL
00460.png,B1
00461.png,PGO
00462.png,5WMC
00463.png,GQL
00464.png,QC
00465.png,OSN2
00466.png,Q7Y
00467.png,OC
00468.png,ZFCU
00469.png,Z2H
00470.png,QC1
00471.png,RUN
00472.png,G
00473.png,KYAA
00474.png,W7
00475.png,5YU1
00476.png,A6H
00477.png,OQ2
00478.png,AY7L
00479.png,UM
00480.png,OXG
00481.png,O
00482.png,SN
00483.png,7XCY
00484.png,Y
00485.png,RCGU
00486.png,R
00487.png,KYB1
00488.png,7M
00489.png,HYUU
00490.png,BFU
00491.png,2
00492.png,YFV
00493.png,Q
00494.png,YW
00495.png,S
00496.png,RW
00497.png,W
00498.png,WQNB
00499.png,O
00500.png,OQUW
00501.png,HZ4E
00502.png,RM
00503.png,O3A
00504.png,525
00505.png,Z
00506.png,N
00507.png,B2
00508.png,7
00509.png,YVY
00510.png,SU5
00511.png,U
00512.png,OSUP
00513.png,WCMP
00514.png,MG
00515.png,GQAR
00516.png,WQKL
00517.png,O
00518.png,Q
00519.png,WT
00520.png,GU
00521.png,Y2
00522.png,12M
00523.png,GK
00524.png,OC
00525.png,5PU
00526.png,K
00527.png,IKU5
00528.png,YU
00529.png,Z2WB
00530.png,PU2
00531.png,BA
00532.png,O1G
00533.png,E
00534.png,Q1W
00535.png,KQ2U
00536.png,ZM2E
00537.png,RQ7X
00538.png,OP
00539.png,
00540.png,BQSU
00541.png,M
00542.png,A2L
00543.png,2L
00544.png,YUBM
00545.png,CO2M
00546.png,BU
00547.png,M
00548.png,7F
00549.png,QYC
00550.png,M
00551.png,7O
00552.png,L
00553.png,3
00554.png,3GH
00555.png,OQGR
00556.png,M
00557.png,O
00558.png,OZO4
00559.png,
00560.png,5U
00561.png,R
00562.png,2Y
00563.png,RAUE
00564.png,Z
00565.png,ZU
00566.png,Y
00567.png,OAU
00568.png,VA
00569.png,7Z7L
00570.png,OM
00571.png,WN
00572.png,R
00573.png,OG
00574.png,544
00575.png,KWMU
00576.png,RUCM
00577.png,BPV
00578.png,A
00579.png,36
00580.png,L
00581.png,7R
00582.png,GCE
00583.png,OQM4
00584.png,W
00585.png,U
00586.png,R221
00587.png,ZKBA
00588.png,K
00589.png,
00590.png,P
00591.png,X
00592.png,YU5
00593.png,O2UL
00594.png,ZOW
00595.png,OVE
00596.png,7Y
00597.png,U
00598.png,W
00599.png,HWY1
00600.png,5WU
00601.png,S
00602.png,K6U
00603.png,3H
00604.png,F
00605.png,ROU
00606.png,XU5
00607.png,7U
00608.png,FSBE
00609.png,7Z
00610.png,BFUU
00611.png,74
00612.png,Y
00613.png,
00614.png,VH
00615.png,Y
00616.png,Y
00617.png,5O2U
00618.png,B
00619.png,
00620.png,ZYUT
00621.png,YM20
00622.png,
00623.png,OP
00624.png,Z2U
00625.png,7M
00626.png,7
00627.png,GCU
00628.png,A
00629.png,TSP
00630.png,HYUL
00631.png,BRH6
00632.png,OAU
00633.png,WBBH
00634.png,OF
00635.png,7MA1
00636.png,7
00637.png,RMU
00638.png,7
00639.png,
00640.png,QL
00641.png,O5
00642.png,Z12
00643.png,Z12Y
00644.png,7BUU
00645.png,7NG
00646.png,5
00647.png,6U
00648.png,OQ
00649.png,E
00650.png,GRCY
00651.png,WY
00652.png,NB
00653.png,YRM
00654.png,5YR
00655.png,M
00656.png,OA
00657.png,ZBL
00658.png,CUE
00659.png,AZN2
00660.png,V
00661.png,7V
00662.png,AM7V
00663.png,Z
00664.png,O2
00665.png,CUM
00666.png,7W
00667.png,7E
00668.png,CUE
00669.png,2
00670.png,K
00671.png,KGN
00672.png,5
00673.png,O
00674.png,7
00675.png,YCHY
00676.png,5UA
00677.png,5S26
00678.png,Y
00679.png,OWMV
00680.png,Q15
00681.png,9
00682.png,HZGY
00683.png,SO
00684.png,Y71E
00685.png,QY
00686.png,5CL
00687.png,EUU
00688.png,ZAB
00689.png,ZYUM
00690.png,SMT
00691.png,O
00692.png,A
00693.png,A6G
00694.png,FNNU
00695.png,Z2
00696.png,5OU
00697.png,Y
00698.png,WSU1
00699.png,72U
00700.png,4O2R
00701.png,C
00702.png,QH
00703.png,U
00704.png,Y
00705.png,R
00706.png,M1
00707.png,7
00708.png,7QCT
00709.png,HE
00710.png,Y
00711.png,16
00712.png,PYSH
00713.png,ZG5
00714.png,YZ2F
00715.png,C
00716.png,GS
00717.png,UBH
00718.png,7WM1
00719.png,Q
00720.png,EZU5
00721.png,NR
00722.png,YGW2
00723.png,Y
00724.png,ZUW
00725.png,C7V
00726.png,WMBX
00727.png,5
00728.png,G6
00729.png,OTB4
00730.png,2M
00731.png,AUG
00732.png,Z
00733.png,2U
00734.png,L
00735.png,GOR
00736.png,6YY
00737.png,YE
00738.png,GOAU
00739.png,WM
00740.png,EP
00741.png,7YU5
00742.png,W
00743.png,3
00744.png,QG
00745.png,C5
00746.png,Q2
00747.png,Y2X
00748.png,K
00749.png,YY
00750.png,
00751.png,YU
00752.png,UCL
00753.png,GH8R
00754.png,2L
00755.png,U
00756.png,T
00757.png,K
00758.png,YU
00759.png,7SVU
00760.png,BUG
00761.png,OKY5
00762.png,PBUR
00763.png,7K2
00764.png,A
00765.png,YQU
00766.png,O7G5
00767.png,OYB
00768.png,5
00769.png,14
00770.png,Y
00771.png,5
00772.png,Y
00773.png,7
00774.png,YGBC
00775.png,CQUP
00776.png,R
00777.png,G6SR
00778.png,U
00779.png,Y
00780.png,Y
00781.png,22
00782.png,OA
00783.png,Y
00784.png,U
00785.png,5QY
00786.png,YW71
00787.png,W
00788.png,P2
00789.png,OQKU
00790.png,MS
00791.png,OQY1
00792.png,7YY1
00793.png,K
00794.png,RB
00795.png,2
00796.png,O5
00797.png,QM4
00798.png,7FM1
00799.png,U
00800.png,S
00801.png,OKU
00802.png,
00803.png,Y
00804.png,OZS5
00805.png,U
00806.png,WU
00807.png,U
00808.png,5
00809.png,YU
00810.png,O
00811.png,G
00812.png,FX
00813.png,AW
00814.png,OS
00815.png,FOX
00816.png,RF42
00817.png,GU
00818.png,WS7K
00819.png,QN
00820.png,Y
00821.png,7QCR
00822.png,WKL
00823.png,LM
00824.png,E
00825.png,YA
00826.png,5FY1
00827.png,WV5
00828.png,NU
00829.png,WW29
00830.png,2
00831.png,P5
00832.png,HQ2
00833.png,HF
00834.png,OZ5X
00835.png,GYE
00836.png,2
00837.png,
00838.png,SVH
00839.png,QB
00840.png,WPO
00841.png,N
00842.png,PFS
00843.png,7FYV
00844.png,BROY
00845.png,C
00846.png,OC
00847.png,O
00848.png,S1
00849.png,OFUA
00850.png,PUG8
00851.png,G
00852.png,5QS2
00853.png,Q
00854.png,
00855.png,7WKY
00856.png,CU1
00857.png,U
00858.png,W
00859.png,SU
00860.png,OSPU
00861.png,
00862.png,OO
00863.png,721
00864.png,B21
00865.png,U
00866.png,5GCU
00867.png,L
00868.png,AG
00869.png,3U
00870.png,OZ7U
00871.png,T
00872.png,SX
00873.png,U
00874.png,QSHB
00875.png,5
00876.png,BQE
00877.png,OQ7
00878.png,
00879.png,5MR5
00880.png,U
00881.png,5Z7T
00882.png,C2YU
00883.png,FU
00884.png,O
00885.png,7FAR
00886.png,7
00887.png,OR1
00888.png,X7A
00889.png,H
00890.png,GG
00891.png,YKGY
00892.png,2
00893.png,YY2G
00894.png,OC2
00895.png,
00896.png,KNCU
00897.png,O2
00898.png,Z
00899.png,GE
00900.png,CYCY
00901.png,G
00902.png,WO
00903.png,O2G
00904.png,U
00905.png,BA
00906.png,OG
00907.png,WQUA
00908.png,G
00909.png,GQ2
00910.png,WW2
00911.png,OM
00912.png,7ZNR
00913.png,PN2L
00914.png,MA4U
00915.png,B
00916.png,5UB
00917.png,54
00918.png,ZU1
00919.png,WUW5
00920.png,H
00921.png,B
00922.png,N
00923.png,2E
00924.png,BW
00925.png,OPL
00926.png,OP2
00927.png,U5
00928.png,
00929.png,YOUW
00930.png,QAG5
00931.png,W5Y
00932.png,OQHL
00933.png,H2
00934.png,2S
00935.png,7C7Y
00936.png,OM5
00937.png,5
00938.png,KCWM
00939.png,G6GY
00940.png,YQWM
00941.png,Z
00942.png,NO
00943.png,YKW5
00944.png,W
00945.png,M2R
00946.png,M
00947.png,M
00948.png,U2
00949.png,P
00950.png,BR
00951.png,DK5U
00952.png,HKK
00953.png,
00954.png,O
00955.png,GO
00956.png,QU
00957.png,ZKM
00958.png,S
00959.png,O28
00960.png,LSG
00961.png,U6
00962.png,QM
00963.png,KCSK
00964.png,2B
00965.png,Y5
00966.png,FK
00967.png,6V
00968.png,YG
00969.png,NB
00970.png,O71R
00971.png,QP4
00972.png,2
00973.png,ZVE
00974.png,BF1
00975.png,BOW
00976.png,KX
00977.png,Q42L
00978.png,G4
00979.png,U
00980.png,PXCE
00981.png,OV
00982.png,5W
00983.png,BQNA
00984.png,7
00985.png,Q
00986.png,Z5
00987.png,NU
00988.png,25
00989.png,AM2U
00990.png,OMVL
00991.png,Z
00992.png,OQC
00993.png,NV5
00994.png,BM1L
00995.png,47AU
00996.png,RG
00997.png,FA
00998.png,UU
00999.png,522E
01000.png,Y3U
01001.png,W2
01002.png,O
01003.png,ZAG1
01004.png,5U
01005.png,Y
01006.png,M2
01007.png,WM
01008.png,A25
01009.png,1
01010.png,S
01011.png,PQ25
01012.png,OG
01013.png,OQSM
01014.png,U
01015.png,O4U
01016.png,AW5
01017.png,OQGU
01018.png,7BT
01019.png,O
01020.png,PAUE
01021.png,H
01022.png,W7CU
01023.png,YM
01024.png,5Y
01025.png,W
01026.png,K
01027.png,OWU
01028.png,O6EE
01029.png,OY
01030.png,RMAB
01031.png,W2L
01032.png,X2P4
01033.png,UG1
01034.png,YFC2
01035.png,BYCU
01036.png,OFKY
01037.png,HU
01038.png,OZU
01039.png,E
01040.png,25
01041.png,L
01042.png,B1
01043.png,B5
01044.png,Z
01045.png,
01046.png,YZM
01047.png,U
01048.png,QY
01049.png,M
01050.png,
01051.png,OAG5
01052.png,E
01053.png,Q2
01054.png,W
01055.png,O124
01056.png,V48R
01057.png,AY55
01058.png,1U
01059.png,POW5
01060.png,RO2
01061.png,U
01062.png,M
01063.png,R
01064.png,GK26
01065.png,C
01066.png,O6
01067.png,56UU
01068.png,S
01069.png,WUY
01070.png,A2A5
01071.png,PE
01072.png,KFW
01073.png,BEY
01074.png,UM
01075.png,U
01076.png,U6
01077.png,GBG1
01078.png,X
01079.png,AZS
01080.png,W
01081.png,KS2M
01082.png,M
01083.png,EU
01084.png,PQ
01085.png,O
01086.png,OOU5
01087.png,U
01088.png,ZW
01089.png,GY
01090.png,4Y3U
01091.png,7SUSE
01092.png,
01093.png,3L
01094.png,4Q
01095.png,U
01096.png,N
01097.png,Y2U
01098.png,WZ3R
01099.png,KM
01100.png,OM2
01101.png,5WEU
01102.png,E
01103.png,4
01104.png,U
01105.png,
01106.png,4F
01107.png,S
01108.png,GY2U
01109.png,5G
01110.png,5O2U
01111.png,OMU2
01112.png,Y6EY
01113.png,G62
01114.png,X
01115.png,ORHA
01116.png,HGAM
01117.png,7E
01118.png,7ZL
01119.png,GBHP
01120.png,HU
01121.png,A
01122.png,U5
01123.png,7U
01124.png,Y2
01125.png,7
01126.png,M
01127.png,7Y
01128.png,O6S
01129.png,OFWM
01130.png,BR
01131.png,3
01132.png,W72R
01133.png,G
01134.png,7G45
01135.png,7GGU
01136.png,O
01137.png,O
01138.png,H
01139.png,CE
01140.png,7UCU
01141.png,ME
01142.png,Y
01143.png,GM2G
01144.png,ZKT
01145.png,OU
01146.png,U5
01147.png,G
01148.png,Y8
01149.png,QBR
01150.png,OR1
01151.png,UM
01152.png,Y62U
01153.png,QG5
01154.png,KW4
01155.png,1
01156.png,Y
01157.png,
01158.png,7
01159.png,HU
01160.png,OUW
01161.png,YGU1
01162.png,M
01163.png,OR
01164.png,B
01165.png,7
01166.png,RFGU
01167.png,YQ
01168.png,
01169.png,5
01170.png,OH
01171.png,B4V
01172.png,ZYYL
01173.png,OVE
01174.png,7ZY
01175.png,Y
01176.png,YZ2L
01177.png,9X
01178.png,W
01179.png,U4
01180.png,GQ5M
01181.png,HFK5
01182.png,OKN1
01183.png,OVY
01184.png,UA
01185.png,RFS2
01186.png,OOV
01187.png,BP7Y
01188.png,9
01189.png,P
01190.png,3O5
01191.png,HZ
01192.png,7
01193.png,YS
01194.png,AC
01195.png,7Y
01196.png,5
01197.png,GH
01198.png,WT
01199.png,KE
01200.png,N
01201.png,QYVU
01202.png,H
01203.png,2
01204.png,S
01205.png,72M
01206.png,U
01207.png,C2
01208.png,QU1
01209.png,B
01210.png,QCT
01211.png,C5W
01212.png,W
01213.png,YQP5
01214.png,YW
01215.png,WVUH
01216.png,WF6
01217.png,OURP
01218.png,U
01219.png,Z
01220.png,
01221.png,P6GU
01222.png,W4
01223.png,OGV
01224.png,YQY5
01225.png,WNEP
01226.png,PR2M
01227.png,O6U
01228.png,7Z
01229.png,QY
01230.png,LZKW
01231.png,2
01232.png,Q2
01233.png,C
01234.png,5
01235.png,S
01236.png,WA2
01237.png,RU
01238.png,YM2
01239.png,C
01240.png,CZT
01241.png,5
01242.png,OU2
01243.png,KS
01244.png,4
01245.png,Y2E
01246.png,BF4W
01247.png,
01248.png,XU
01249.png,F
01250.png,7YAU
01251.png,YMUH
01252.png,PU2M
01253.png,UE
01254.png,7
01255.png,U
01256.png,G2
01257.png,FY
01258.png,N
01259.png,RZ7L
01260.png,Y
01261.png,WOU
01262.png,
01263.png,WOGY
01264.png,CR
01265.png,WSM0
01266.png,P
01267.png,OZE5
01268.png,Y0
01269.png,FA
01270.png,7ZOV
01271.png,5MKM
01272.png,F2UM
01273.png,F45
01274.png,QU
01275.png,L
01276.png,3
01277.png,S
01278.png,YKRM
01279.png,OQU
01280.png,7A
01281.png,QRA
01282.png,3XGU
01283.png,YCH
01284.png,B
01285.png,7
01286.png,4QB1
01287.png,AS
01288.png,YU
01289.png,
01290.png,GW1
01291.png,W
01292.png,K62L
01293.png,7WY1
01294.png,U
01295.png,BA
01296.png,LPBW
01297.png,
01298.png,Q
01299.png,QU
01300.png,2
01301.png,KUL
01302.png,2T
01303.png,UY
01304.png,S2L
01305.png,M
01306.png,YC1
01307.png,12H
01308.png,WCU
01309.png,3QW
01310.png,76O
01311.png,12
01312.png,RYK
01313.png,YU
01314.png,BOUR
01315.png,YS
01316.png,S
01317.png,5QWM
01318.png,WMHA
01319.png,YU7U
01320.png,1
01321.png,5
01322.png,O11
01323.png,BX
01324.png,54U1
01325.png,OR2E
01326.png,Z1
01327.png,5SOU
01328.png,BAR
01329.png,
01330.png,WQ
01331.png,OZ2U
01332.png,R
01333.png,OH1
01334.png,QBU
01335.png,5U2
01336.png,W3B
01337.png,KBW1
01338.png,5GSR
01339.png,
01340.png,B
01341.png,UGM
01342.png,WPU
01343.png,7UM
01344.png,7AU
01345.png,P
01346.png,7
01347.png,7K1
01348.png,BF
01349.png,KM
01350.png,VM
01351.png,E
01352.png,QOS
01353.png,Z2
01354.png,Z124
01355.png,4ZNM
01356.png,OQ
01357.png,K
01358.png,HZ
01359.png,ZSBW
01360.png,C
01361.png,KU
01362.png,OOS
01363.png,HSU
01364.png,PZ
01365.png,R
01366.png,KW
01367.png,U
01368.png,AC
01369.png,T
01370.png,R
01371.png,4A1
01372.png,WUE
01373.png,S
01374.png,5ZS2
01375.png,GSRE
01376.png,YQS
01377.png,S
01378.png,ZY
01379.png,OQ
01380.png,PU
01381.png,ZASM
01382.png,P
01383.png,ZS5
01384.png,7ONU
01385.png,5Y2W
01386.png,3
01387.png,4SW4
01388.png,2U
01389.png,AGL
01390.png,FG
01391.png,YHL
01392.png,G
01393.png,QK
01394.png,OBU
01395.png,4WB
01396.png,7UU5
01397.png,7S
01398.png,6R
01399.png,C6
01400.png,B2
01401.png,W
01402.png,OQUW
01403.png,5SOU
01404.png,ZW
01405.png,H7Y
01406.png,5ZPU
01407.png,UBW
01408.png,HRH6
01409.png,O
01410.png,ZU
01411.png,YYC
01412.png,XG
01413.png,UR
01414.png,U
01415.png,7G25
01416.png,CB
01417.png,7P
01418.png,
01419.png,7C
01420.png,C
01421.png,5U
01422.png,Q
01423.png,Y
01424.png,Z
01425.png,Q
01426.png,N
01427.png,FL
01428.png,U
01429.png,RW2
01430.png,H6A
01431.png,O
01432.png,M
01433.png,RFGY
01434.png,7W
01435.png,O24E
01436.png,AYUR
01437.png,ON2Y
01438.png,G5
01439.png,O2C
01440.png,HUM
01441.png,UUM
01442.png,FAG
01443.png,W
01444.png,Y
01445.png,QUE
01446.png,WM2
01447.png,3
01448.png,3E
01449.png,A
01450.png,QGR
01451.png,YS
01452.png,5U5
01453.png,AR
01454.png,B
01455.png,CZP
01456.png,7XGU
01457.png,U
01458.png,PU
01459.png,BU2
01460.png,5P
01461.png,H
01462.png,O
01463.png,5YW1
01464.png,OKE
01465.png,5
01466.png,WS
01467.png,Q
01468.png,OQ
01469.png,UE1
01470.png,B2
01471.png,G2
01472.png,2
01473.png,9BU
01474.png,AAM
01475.png,SSY
01476.png,75
01477.png,W
01478.png,3U
01479.png,
01480.png,VU
01481.png,2
01482.png,GG
01483.png,Y2
01484.png,HGE
01485.png,B7U
01486.png,G
01487.png,G
01488.png,A1
01489.png,FWUY
01490.png,G
01491.png,OUL
01492.png,56OU
01493.png,M
01494.png,5ZM
01495.png,OWO
01496.png,FH
01497.png,KWU
01498.png,BKX
01499.png,WM
01500.png,YY5U
01501.png,WRG
01502.png,Y
01503.png,WO
01504.png,O2
01505.png,OC
01506.png,4W
01507.png,NQGU
01508.png,3M
01509.png,OE
01510.png,OU
01511.png,U
01512.png,GUW1
01513.png,M
01514.png,OC
01515.png,UU
01516.png,W6W6
01517.png,HOE1
01518.png,KM
01519.png,A
01520.png,U
01521.png,OCB
01522.png,G
01523.png,E
01524.png,W2
01525.png,7GUU
01526.png,5Y1U
01527.png,UX
01528.png,XU
01529.png,ZKWM
01530.png,Y2
01531.png,PYU
01532.png,Y6HU
01533.png,M
01534.png,Y7U1
01535.png,7WG
01536.png,WGUU
01537.png,FU
01538.png,OZS
01539.png,P
01540.png,AYKU
01541.png,ZL
01542.png,PA
01543.png,M
01544.png,5UC
01545.png,YM2L
01546.png,PUSM
01547.png,OF2
01548.png,W2U
01549.png,BQWR
01550.png,W
01551.png,AUU
01552.png,G7
01553.png,UL
01554.png,2UU
01555.png,OZS
01556.png,7Q5
01557.png,Y
01558.png,HY4
01559.png,O
01560.png,WZR
01561.png,YE
01562.png,X21
01563.png,CZ
01564.png,GOUU
01565.png,OXMU
01566.png,Q1UU
01567.png,HYW5
01568.png,A
01569.png,76R
01570.png,W
01571.png,Y2UA
01572.png,UY
01573.png,OPBU
01574.png,GUG1
01575.png,OZRA
01576.png,
01577.png,
01578.png,R
01579.png,1
01580.png,2
01581.png,7
01582.png,WH
01583.png,ZY
01584.png,Y6
01585.png,AZE
01586.png,Y
01587.png,QUW
01588.png,ZBE
01589.png,ZU
01590.png,BQUM
01591.png,C
01592.png,O
01593.png,YA
01594.png,O2W1
01595.png,
01596.png,S
01597.png,Q
01598.png,7
01599.png,ZN2U
01600.png,RW
01601.png,7QS2
01602.png,PGB
01603.png,EQV
01604.png,GZV5
01605.png,7MMC
01606.png,R25
01607.png,O4UR
01608.png,B
01609.png,QWY
01610.png,YCL
01611.png,UG
01612.png,Q
01613.png,C
01614.png,RQOU
01615.png,Z4
01616.png,Q7
01617.png,U
01618.png,G
01619.png,OU
01620.png,5
01621.png,Y
01622.png,U
01623.png,WF2E
01624.png,O
01625.png,W14U
01626.png,Y1U
01627.png,WX
01628.png,G2
01629.png,7N
01630.png,R2X
01631.png,3
01632.png,UE
01633.png,OFNA
01634.png,5Z
01635.png,BV
01636.png,A
01637.png,5XFV
01638.png,5A5
01639.png,5Q7
01640.png,OFWR
01641.png,P
01642.png,BYU
01643.png,RUX
01644.png,7UAM
01645.png,5K
01646.png,WO
01647.png,NA
01648.png,G72P
01649.png,U
01650.png,YSEY
01651.png,74G1
01652.png,OS5
01653.png,
01654.png,5
01655.png,YY
01656.png,OSL
01657.png,3PSR
01658.png,2MU
01659.png,LB
01660.png,ZB
01661.png,Y
01662.png,P2
01663.png,F
01664.png,7F2W
01665.png,R
01666.png,GY
01667.png,G
01668.png,7
01669.png,5KB
01670.png,G6OU
01671.png,A2
01672.png,H
01673.png,WXYU
01674.png,FUM1
01675.png,B
01676.png,
01677.png,8
01678.png,A
01679.png,AGO1
01680.png,2SC
01681.png,EPYL
01682.png,S
01683.png,O
01684.png,QU1
01685.png,6YP
01686.png,DWU
01687.png,7FU
01688.png,BQ
01689.png,B1
01690.png,RE
01691.png,W7A1
01692.png,
01693.png,51B
01694.png,KM
01695.png,4RK5
01696.png,POC
01697.png,OYX
01698.png,B
01699.png,F
01700.png,V
01701.png,5Q2U
01702.png,OFWU
01703.png,QG
01704.png,KZE
01705.png,7XVU
01706.png,
01707.png,G
01708.png,B2E
01709.png,9U
01710.png,GCU
01711.png,QH2
01712.png,54M
01713.png,OF2
01714.png,GUH
01715.png,
01716.png,WU
01717.png,HFK4
01718.png,ZC
01719.png,XNK
01720.png,2
01721.png,BZV
01722.png,2
01723.png,O
01724.png,9VB
01725.png,DXO
01726.png,5C5
01727.png,F
01728.png,7F2
01729.png,OYY1
01730.png,7U
01731.png,OU
01732.png,6
01733.png,7A
01734.png,COC
01735.png,YW
01736.png,M
01737.png,WKR
01738.png,X4E
01739.png,Q
01740.png,M
01741.png,
01742.png,6
01743.png,GWH
01744.png,7ZU
01745.png,W
01746.png,6
01747.png,9
01748.png,ZOUE
01749.png,YF2C
01750.png,OQO2
01751.png,WZUU
01752.png,G0
01753.png,KKG
01754.png,EYU
01755.png,GHU
01756.png,7C
01757.png,BZU
01758.png,YML
01759.png,QUL
01760.png,Y2
01761.png,RQYU
01762.png,YMU
01763.png,OC41
01764.png,X
01765.png,O
01766.png,5SSU
01767.png,KZ
01768.png,5
01769.png,RM2
01770.png,YUV
01771.png,Q2A
01772.png,OG5
01773.png,N
01774.png,BU
01775.png,72
01776.png,Y8A
01777.png,2
01778.png,AU
01779.png,RAER
01780.png,6A
01781.png,O4
01782.png,UT
01783.png,QG
01784.png,BL
01785.png,WK2Y
01786.png,OM8
01787.png,BM2U
01788.png,YV
01789.png,1U
01790.png,YE
01791.png,YYC
01792.png,7U5
01793.png,H
01794.png,SY
01795.png,Q
01796.png,7
01797.png,OU1
01798.png,72R
01799.png,B
01800.png,YU
01801.png,1
01802.png,OCEU
01803.png,Y
01804.png,B6
01805.png,YB8M
01806.png,O
01807.png,VB
01808.png,U
01809.png,Z3E
01810.png,W
01811.png,M
01812.png,5
01813.png,9U
01814.png,BM
01815.png,UK
01816.png,BB4
01817.png,O6
01818.png,O
01819.png,POU
01820.png,CKN
01821.png,OF2R
01822.png,M2
01823.png,B
01824.png,YC
01825.png,F
01826.png,YAKU
01827.png,CSEP
01828.png,U
01829.png,POU
01830.png,OAWU
01831.png,K7M
01832.png,
01833.png,SAU
01834.png,CYU
01835.png,X5
01836.png,CQ
01837.png,MYX
01838.png,AQ2P
01839.png,U
01840.png,Y2
01841.png,GE
01842.png,W
01843.png,ORYC
01844.png,UU
01845.png,W
01846.png,
01847.png,3Y
01848.png,KSA
01849.png,7M5
01850.png,G
01851.png,RU2L
01852.png,AYUM
01853.png,5N
01854.png,R
01855.png,1
01856.png,7
01857.png,Y
01858.png,QY2
01859.png,4C
01860.png,KM
01861.png,ZU
01862.png,P
01863.png,HUVM
01864.png,
01865.png,T
01866.png,BI6
01867.png,R2
01868.png,E
01869.png,U
01870.png,5
01871.png,YW2Y
01872.png,7AVX
01873.png,OOY
01874.png,FHU5
01875.png,3
01876.png,GWN1
01877.png,VM
01878.png,YZ7U
01879.png,53G5
01880.png,5ZN2
01881.png,MU
01882.png,O5
01883.png,U
01884.png,H31
01885.png,9OV5
01886.png,U
01887.png,7E
01888.png,BY
01889.png,ZWH
01890.png,U
01891.png,YSU1
01892.png,WCY
01893.png,B
01894.png,UBX
01895.png,ORYK
01896.png,RA
01897.png,K
01898.png,Z2
01899.png,7U
01900.png,MU
01901.png,O
01902.png,OUY
01903.png,U
01904.png,O
01905.png,56G
01906.png,Y
01907.png,WXUR
01908.png,U
01909.png,8
01910.png,FA
01911.png,7ZV
01912.png,Q
01913.png,4S
01914.png,WF
01915.png,C3U
01916.png,5
01917.png,ZO2
01918.png,P
01919.png,7FU1
01920.png,RA5
01921.png,5
01922.png,FL
01923.png,OQUY
01924.png,GU56
01925.png,Z
01926.png,
01927.png,QUW5
01928.png,CFGU
01929.png,Y2
01930.png,5QU
01931.png,SOT
01932.png,WM
01933.png,MA6
01934.png,5
01935.png,R2B
01936.png,BSU
01937.png,UM
01938.png,32R
01939.png,YS
01940.png,F
01941.png,Z
01942.png,OY1R
01943.png,R
01944.png,5Y
01945.png,CCM
01946.png,CXR
01947.png,7U5
01948.png,5Z
01949.png,5Q2
01950.png,U
01951.png,BYS
01952.png,Z2P
01953.png,O
01954.png,AY
01955.png,OC
01956.png,7M2
01957.png,GRN
01958.png,BR
01959.png,S5
01960.png,GQ7
01961.png,OO
01962.png,4
01963.png,Z
01964.png,UU
01965.png,WQC
01966.png,76
01967.png,2
01968.png,R2P
01969.png,7UU
01970.png,LCWU
01971.png,QW
01972.png,GY
01973.png,Q
01974.png,YGL
01975.png,QM
01976.png,OZ
01977.png,
01978.png,OU
01979.png,7
01980.png,
01981.png,RO
01982.png,3
01983.png,WUE
01984.png,OYOW
01985.png,K
01986.png,OZY5
01987.png,W
01988.png,HV
01989.png,3OV
01990.png,W
01991.png,7O
01992.png,QYUL
01993.png,2X
01994.png,Y
01995.png,M
01996.png,
01997.png,Z6
01998.png,BE
01999.png,6NG
02000.png,7ZK
02001.png,O72H
02002.png,XUB
02003.png,7WAG
02004.png,2KH
02005.png,M7R
02006.png,YCUG
02007.png,AW
02008.png,R
02009.png,YPR
02010.png,OZBT
02011.png,OQ7
02012.png,GG
02013.png,
02014.png,CU8W
02015.png,ZL
02016.png,WRW0
02017.png,S
02018.png,GSH
02019.png,A
02020.png,Y7H1
02021.png,C
02022.png,BY
02023.png,OW
02024.png,
02025.png,Y34
02026.png,Y
02027.png,R
02028.png,RY21
02029.png,AYH
02030.png,QV
02031.png,Z
02032.png,YKE
02033.png,RWKU
02034.png,YC
02035.png,K2L
02036.png,U2
02037.png,7KR
02038.png,Z7
02039.png,Z
02040.png,OQGR
02041.png,T
02042.png,Q
02043.png,H
02044.png,RKVR
02045.png,PY
02046.png,HQ
02047.png,4
02048.png,2V
02049.png,K2U
02050.png,7M
02051.png,ZC
02052.png,36O
02053.png,XS
02054.png,O4O2
02055.png,7
02056.png,9R
02057.png,Q1C
02058.png,O
02059.png,QU
02060.png,O
02061.png,O1
02062.png,UU
02063.png,OCKR
02064.png,O2E
02065.png,7Y
02066.png,MY
02067.png,5M
02068.png,R
02069.png,O71
02070.png,K
02071.png,7W
02072.png,7ZAG
02073.png,7
02074.png,NU4
02075.png,S
02076.png,C
02077.png,A
02078.png,ZO
02079.png,XU
02080.png,Z
02081.png,
02082.png,OPAV
02083.png,EFR
02084.png,R
02085.png,HOH
02086.png,O
02087.png,2Y
02088.png,ZCU4
02089.png,RQ2U
02090.png,YOKU
02091.png,C
02092.png,GUOW
02093.png,OQCR
02094.png,5WU
02095.png,Y
02096.png,5SH1
02097.png,QCUU
02098.png,WCGC
02099.png,BVU
02100.png,C2W5
02101.png,BZYR
02102.png,5Y
02103.png,B
02104.png,WUWM
02105.png,EQB
02106.png,OG1
02107.png,U
02108.png,Q
02109.png,ZOPU
02110.png,7M
02111.png,7U
02112.png,MM
02113.png,H2UU
02114.png,G2
02115.png,QE
02116.png,S5
02117.png,KV1
02118.png,2
02119.png,Y
02120.png,WN
02121.png,B7E
02122.png,U
02123.png,CQP
02124.png,W
02125.png,Z7UL
02126.png,YUU
02127.png,OQWM
02128.png,S
02129.png,W
02130.png,7QU
02131.png,U
02132.png,HU
02133.png,5O2R
02134.png,HUM
02135.png,SU
02136.png,2
02137.png,ZA2
02138.png,G
02139.png,Q
02140.png,5BU
02141.png,OU5
02142.png,K
02143.png,BQ2V
02144.png,O6U1
02145.png,Y
02146.png,7G2
02147.png,6
02148.png,Z
02149.png,OYS5
02150.png,Z
02151.png,
02152.png,7QH
02153.png,XHU
02154.png,U42Y
02155.png,T
02156.png,ZO
02157.png,OMU
02158.png,7
02159.png,YZGS
02160.png,7SP5
02161.png,4
02162.png,YK2M
02163.png,GG2P
02164.png,O
02165.png,5U
02166.png,H
02167.png,FR
02168.png,YR
02169.png,PU
02170.png,5UWR
02171.png,SUL
02172.png,7Y35
02173.png,R
02174.png,OA
02175.png,5
02176.png,72
02177.png,4UE
02178.png,WG
02179.png,7ZOU
02180.png,ZB
02181.png,5WL
02182.png,YZU
02183.png,6UL
02184.png,7BBU
02185.png,AY
02186.png,Z
02187.png,25
02188.png,B
02189.png,U
02190.png,86SA
02191.png,AFO
02192.png,BQ36
02193.png,7WU5
02194.png,AZGV
02195.png,7B5
02196.png,RQ7
02197.png,YCWC
02198.png,7WM
02199.png,H
02200.png,
02201.png,5
02202.png,APYG
02203.png,R
02204.png,YH
02205.png,7F
02206.png,SU2E
02207.png,ZAU
02208.png,62
02209.png,EYV1
02210.png,7
02211.png,5C
02212.png,Q
02213.png,ZHL
02214.png,Z
02215.png,C
02216.png,EO2U
02217.png,WQ35
02218.png,LY29
02219.png,KG
02220.png,XGPP
02221.png,BY72
02222.png,OHUE
02223.png,H
02224.png,OP2
02225.png,QU
02226.png,77S4
02227.png,A2
02228.png,Z
02229.png,BUM
02230.png,7U
02231.png,WU
02232.png,BQUY
02233.png,SS2U
02234.png,WBU
02235.png,CY1U
02236.png,YCVY
02237.png,2
02238.png,GH
02239.png,U
02240.png,OL
02241.png,S
02242.png,YZU5
02243.png,2M
02244.png,HUW6
02245.png,ASA
02246.png,2
02247.png,U
02248.png,WMMM
02249.png,YKB2
02250.png,W5
02251.png,YS
02252.png,BW
02253.png,7R
02254.png,Z2M
02255.png,Z
02256.png,T
02257.png,XPP
02258.png,ZY
02259.png,C5
02260.png,ZC21
02261.png,WG
02262.png,Y2E
02263.png,5Q
02264.png,W
02265.png,O
02266.png,EZR
02267.png,W2T
02268.png,
02269.png,C55
02270.png,5CUU
02271.png,OCU
02272.png,26
02273.png,P
02274.png,OKRY
02275.png,OSI5
02276.png,OY
02277.png,7Y
02278.png,XOSE
02279.png,O2
02280.png,G2U
02281.png,U
02282.png,BAU5
02283.png,2
02284.png,2
02285.png,BZAY
02286.png,ZY2M
02287.png,7B1
02288.png,CAVX
02289.png,DHMY
02290.png,S22M
02291.png,
02292.png,7ZO4
02293.png,YSU1
02294.png,WQ
02295.png,PVE
02296.png,0A
02297.png,YY
02298.png,51C
02299.png,Z2
02300.png,C2
02301.png,YN2U
02302.png,H
02303.png,22
02304.png,OV
02305.png,BV
02306.png,ZG
02307.png,YUY
02308.png,7
02309.png,7
02310.png,NW
02311.png,5M
02312.png,M
02313.png,SB
02314.png,M
02315.png,WVR
02316.png,2
02317.png,OB1
02318.png,A
02319.png,AVK5
02320.png,Z
02321.png,BWNV
02322.png,ZG
02323.png,7MV1
02324.png,RUUY
02325.png,22
02326.png,Q2
02327.png,Q2
02328.png,G
02329.png,578
02330.png,W
02331.png,5ZAW
02332.png,AZUU
02333.png,7UU
02334.png,GBW5
02335.png,6
02336.png,4F5C
02337.png,R
02338.png,EB
02339.png,5
02340.png,O
02341.png,SUU
02342.png,O1
02343.png,O21
02344.png,OQY
02345.png,HS5
02346.png,U
02347.png,A
02348.png,OUP
02349.png,7HWU
02350.png,6V
02351.png,AB
02352.png,5P
02353.png,R
02354.png,FC
02355.png,Q
02356.png,D
02357.png,1
02358.png,O6
02359.png,7
02360.png,RUW
02361.png,9RVH
02362.png,OX2E
02363.png,OWB1
02364.png,5ZS
02365.png,BF
02366.png,K7A
02367.png,YGKE
02368.png,RY
02369.png,QUY
02370.png,KM
02371.png,C
02372.png,7G41
02373.png,ZO5
02374.png,YFE
02375.png,GOU
02376.png,S
02377.png,S72
02378.png,4
02379.png,C4
02380.png,G
02381.png,
02382.png,2
02383.png,CUUM
02384.png,5
02385.png,KU
02386.png,C2EC
02387.png,5W7T
02388.png,OXC2
02389.png,7W
02390.png,W2
02391.png,YZWE
02392.png,OZCH
02393.png,O
02394.png,YFB
02395.png,Q21
02396.png,7U2
02397.png,VGU
02398.png,OWUY
02399.png,2
02400.png,N
02401.png,SY
02402.png,G
02403.png,Y
02404.png,M
02405.png,EZU
02406.png,KF2Y
02407.png,BZS
02408.png,2
02409.png,ON
02410.png,OO
02411.png,OXF1
02412.png,YU
02413.png,OCCE
02414.png,G31
02415.png,2U
02416.png,Y2
02417.png,
02418.png,7G
02419.png,76
02420.png,ZCS
02421.png,WV
02422.png,GY
02423.png,SW
02424.png,UC5
02425.png,YYW
02426.png,MA
02427.png,1
02428.png,RN
02429.png,QPL
02430.png,U
02431.png,X26
02432.png,Y2H
02433.png,XFW
02434.png,V
02435.png,NE
02436.png,QO
02437.png,X
02438.png,4
02439.png,AH2
02440.png,7ZU
02441.png,5ZBE
02442.png,7
02443.png,5Y5U
02444.png,RYMU
02445.png,UHW
02446.png,MHV
02447.png,BZUC
02448.png,W7
02449.png,Y2M
02450.png,YU
02451.png,OQHG
02452.png,MK
02453.png,5R
02454.png,ZGX
02455.png,X
02456.png,GQV
02457.png,6CA
02458.png,H
02459.png,HYWB
02460.png,U
02461.png,WU
02462.png,7NP
02463.png,Z
02464.png,BM
02465.png,RSP
02466.png,OFP
02467.png,BX84
02468.png,Q
02469.png,WG2
02470.png,ZY
02471.png,OG
02472.png,U
02473.png,YO
02474.png,AR1
02475.png,9QO4
02476.png,LP
02477.png,Q
02478.png,GAUE
02479.png,5KUU
02480.png,Q
02481.png,QB
02482.png,B
02483.png,USAM
02484.png,ANER
02485.png,CO2
02486.png,76CU
02487.png,7QE
02488.png,4Z2Y
02489.png,KO
02490.png,K
02491.png,5
02492.png,U
02493.png,ORKY
02494.png,GCP1
02495.png,M
02496.png,M
02497.png,Q2
02498.png,M
02499.png,Q6
02500.png,O
02501.png,K6UX
02502.png,CQKU
02503.png,O
02504.png,ZV
02505.png,OQSH
02506.png,SY
02507.png,B
02508.png,UB2
02509.png,5AR
02510.png,76L
02511.png,UHU
02512.png,RUU
02513.png,UW
02514.png,N
02515.png,XGVR
02516.png,KM
02517.png,W
02518.png,QOL
02519.png,MY
02520.png,QY
02521.png,OW
02522.png,K63
02523.png,X
02524.png,2
02525.png,Q
02526.png,7GU
02527.png,U
02528.png,Z
02529.png,YM
02530.png,B4N4
02531.png,U
02532.png,O
02533.png,3
02534.png,
02535.png,B
02536.png,7WUU
02537.png,Z
02538.png,CUH
02539.png,O
02540.png,Q
02541.png,5FCT
02542.png,7W3Y
02543.png,
02544.png,ZAU
02545.png,WXCE
02546.png,Y2
02547.png,S
02548.png,QBV5
02549.png,FBM
02550.png,56
02551.png,YUUL
02552.png,ZE
02553.png,M
02554.png,O1UU
02555.png,
02556.png,7WUR
02557.png,YRMC
02558.png,NU
02559.png,725
02560.png,UYY
02561.png,6UN
02562.png,CYU
02563.png,YP
02564.png,M
02565.png,5
02566.png,G1
02567.png,7WO
02568.png,53V
02569.png,L
02570.png,Z1V
02571.png,G
02572.png,O6MU
02573.png,ZCK
02574.png,OXBA
02575.png,Y
02576.png,AF
02577.png,WOVY
02578.png,U
02579.png,BWA
02580.png,U
02581.png,C
02582.png,PZN
02583.png,3YE1
02584.png,QCPU
02585.png,YA1
02586.png,BX7U
02587.png,U2
02588.png,RGE
02589.png,S
02590.png,7
02591.png,L
02592.png,RR
02593.png,UU4
02594.png,Z2E5
02595.png,GX
02596.png,2W
02597.png,2
02598.png,72
02599.png,3
02600.png,YU
02601.png,R2WH
02602.png,BZA
02603.png,BUS
02604.png,CO
02605.png,7QF
02606.png,KAUM
02607.png,71
02608.png,V
02609.png,CM
02610.png,OFC1
02611.png,
02612.png,QU
02613.png,ZM2P
02614.png,A5K5
02615.png,QU2
02616.png,YL
02617.png,RY
02618.png,C2UT
02619.png,OUW
02620.png,BWY
02621.png,L
02622.png,BOU1
02623.png,S
02624.png,M
02625.png,V
02626.png,U
02627.png,3R
02628.png,ZU5
02629.png,U
02630.png,Q
02631.png,OGWB
02632.png,2P
02633.png,BC
02634.png,QU
02635.png,UU
02636.png,7
02637.png,HNU
02638.png,WGA
02639.png,W
02640.png,62Y
02641.png,5FKH
02642.png,
02643.png,B
02644.png,Y
02645.png,O6UY
02646.png,L
02647.png,W2
02648.png,Y
02649.png,U
02650.png,W5
02651.png,EZ7T
02652.png,B52
02653.png,YUB
02654.png,QGB
02655.png,4HW
02656.png,Z3H
02657.png,CU
02658.png,65
02659.png,YQB
02660.png,W1CU
02661.png,Z
02662.png,YU5
02663.png,OO
02664.png,C
02665.png,Z
02666.png,52
02667.png,2
02668.png,7YY
02669.png,E
02670.png,BG
02671.png,B
02672.png,QE
02673.png,XG
02674.png,
02675.png,7YV1
02676.png,B
02677.png,UV
02678.png,W
02679.png,YC
02680.png,4
02681.png,M
02682.png,OZU
02683.png,U
02684.png,Y2B
02685.png,KZ2
02686.png,
02687.png,8
02688.png,GCA1
02689.png,G
02690.png,5Q
02691.png,BBW
02692.png,Z
02693.png,6U
02694.png,7C2
02695.png,7FMM
02696.png,PL
02697.png,WUU
02698.png,AK
02699.png,OBG
02700.png,OZ
02701.png,7Y
02702.png,
02703.png,2
02704.png,6AWB
02705.png,YY
02706.png,7R
02707.png,OM
02708.png,RQU
02709.png,O
02710.png,U
02711.png,Z
02712.png,ZV
02713.png,C4
02714.png,H2
02715.png,CM
02716.png,7Y6
02717.png,7YT
02718.png,X
02719.png,ARML
02720.png,ZKA
02721.png,7
02722.png,O8U
02723.png,W
02724.png,4P
02725.png,RZT
02726.png,GSP5
02727.png,YU
02728.png,S5
02729.png,WQY
02730.png,W1
02731.png,5CV
02732.png,Y
02733.png,O7G
02734.png,7FOS
02735.png,E1
02736.png,U
02737.png,3
02738.png,Z7UU
02739.png,7U
02740.png,H
02741.png,E181
02742.png,MU
02743.png,YOW5
02744.png,CU2H
02745.png,YCU
02746.png,U
02747.png,C
02748.png,FC
02749.png,G3R
02750.png,WNU
02751.png,CWH
02752.png,7A
02753.png,K6YM
02754.png,4
02755.png,R
02756.png,U
02757.png,Y2BU
02758.png,72
02759.png,K
02760.png,R
02761.png,H
02762.png,5
02763.png,5
02764.png,4T
02765.png,YYB
02766.png,R
02767.png,OQUW
02768.png,YFU
02769.png,Y4
02770.png,SY1
02771.png,OUH
02772.png,YY
02773.png,C
02774.png,6CW
02775.png,4P2L
02776.png,
02777.png,5311
02778.png,7C
02779.png,G
02780.png,R7UX
02781.png,ZNM
02782.png,Z
02783.png,CR
02784.png,5W21
02785.png,7XWN
02786.png,O
02787.png,OY2L
02788.png,P
02789.png,62
02790.png,
02791.png,5Z7
02792.png,Q
02793.png,A
02794.png,KY2M
02795.png,
02796.png,OZE2
02797.png,A4
02798.png,G
02799.png,HSG4
02800.png,OC9
02801.png,C
02802.png,YQ
02803.png,B
02804.png,RZU1
02805.png,C
02806.png,V
02807.png,QUH
02808.png,YH
02809.png,7NU
02810.png,7Q
02811.png,56CM
02812.png,SNU
02813.png,O1IU
02814.png,Y
02815.png,7
02816.png,ZB2A
02817.png,OW
02818.png,OKSC
02819.png,UH
02820.png,OR2
02821.png,B
02822.png,GY
02823.png,X
02824.png,OZAR
02825.png,CC
02826.png,W2Y
02827.png,H
02828.png,4
02829.png,45
02830.png,E
02831.png,X7R
02832.png,
02833.png,C5
02834.png,2
02835.png,Q
02836.png,4A4Y
02837.png,O6U
02838.png,A6OG
02839.png,2
02840.png,U
02841.png,2U
02842.png,7U5
02843.png,SA
02844.png,7C
02845.png,P
02846.png,PFCE
02847.png,VU
02848.png,A
02849.png,GPVP
02850.png,MS25
02851.png,
02852.png,Q
02853.png,UU
02854.png,U
02855.png,K
02856.png,O62U
02857.png,R
02858.png,YB25
02859.png,7E
02860.png,2
02861.png,Z
02862.png,51
02863.png,OY75
02864.png,YC
02865.png,V
02866.png,7OCU
02867.png,OB1
02868.png,T
02869.png,W8
02870.png,W28
02871.png,OZG
02872.png,WM
02873.png,O
02874.png,A24
02875.png,YY
02876.png,HUA1
02877.png,4Z7T
02878.png,Y
02879.png,Y6U5
02880.png,OGNU
02881.png,O
02882.png,V
02883.png,GU
02884.png,5
02885.png,BRAL
02886.png,K78C
02887.png,O
02888.png,DT
02889.png,BK5B
02890.png,ZM
02891.png,
02892.png,Z
02893.png,FKU
02894.png,5
02895.png,B
02896.png,M
02897.png,BUP
02898.png,OU2L
02899.png,G
02900.png,5YST
02901.png,QBM
02902.png,EUU
02903.png,Z3W
02904.png,WYU
02905.png,7NUE
02906.png,ZGV
02907.png,YQOY
02908.png,GYY
02909.png,C
02910.png,Z
02911.png,AYU1
02912.png,GQS
02913.png,WM
02914.png,YROE
02915.png,UU5
02916.png,9Q
02917.png,W5
02918.png,ORK
02919.png,7Z2U
02920.png,562
02921.png,FR
02922.png,OPNC
02923.png,OZYT
02924.png,A
02925.png,E
02926.png,7WAG
02927.png,OFU1
02928.png,5R
02929.png,8ZF
02930.png,BA
02931.png,P5
02932.png,U
02933.png,6BVU
02934.png,7S
02935.png,5ZSW
02936.png,R
02937.png,BGB
02938.png,QK
02939.png,S
02940.png,Z5UL
02941.png,CX
02942.png,OW1
02943.png,RMV
02944.png,Q
02945.png,C0
02946.png,5VL
02947.png,MY51
02948.png,GOL
02949.png,W
02950.png,5X25
02951.png,5M
02952.png,G
02953.png,R7SY
02954.png,HM
02955.png,K
02956.png,ZBN
02957.png,KZ
02958.png,Z
02959.png,3W
02960.png,OZ
02961.png,Y
02962.png,VB
02963.png,5
02964.png,6
02965.png,SUP
02966.png,U5
02967.png,BUFR
02968.png,25
02969.png,AW
02970.png,L
02971.png,G2
02972.png,MF2E
02973.png,F
02974.png,OS
02975.png,UG
02976.png,ZPU
02977.png,YU
02978.png,D2
02979.png,M22
02980.png,5X
02981.png,Q
02982.png,KEA
02983.png,Z
02984.png,HS
02985.png,PB
02986.png,5Y2
02987.png,ROL
02988.png,YUM
02989.png,7B1
02990.png,C
02991.png,KY7L
02992.png,CWU
02993.png,O25
02994.png,Q
02995.png,ZY5
02996.png,YL
02997.png,UH
02998.png,7XAG
02999.png,OYYV
03000.png,WQA5
03001.png,5U
03002.png,KV
03003.png,OQ2M
03004.png,BY2
03005.png,
03006.png,YKB
03007.png,RU
03008.png,NY
03009.png,RO2E
03010.png,5OK5
03011.png,Y
03012.png,OYK1
03013.png,G
03014.png,BEU
03015.png,2
03016.png,E
03017.png,72G
03018.png,YO5
03019.png,XMG
03020.png,QY2T
03021.png,YZ32
03022.png,Y7
03023.png,2
03024.png,PAGE
03025.png,O7VU
03026.png,
03027.png,B2
03028.png,OMO
03029.png,O
03030.png,2
03031.png,72C
03032.png,YY
03033.png,KM
03034.png,HC1
03035.png,5
03036.png,CK
03037.png,U
03038.png,WK2X
03039.png,2
03040.png,2
03041.png,QP1
03042.png,OYY
03043.png,QB
03044.png,B4
03045.png,YAIU
03046.png,C
03047.png,ON2L
03048.png,ZG5
03049.png,M4CU
03050.png,PQG5
03051.png,W6M
03052.png,RU
03053.png,Y
03054.png,7
03055.png,2E
03056.png,744U
03057.png,6
03058.png,KQO
03059.png,
03060.png,BN
03061.png,IA26
03062.png,OL
03063.png,E4
03064.png,P1UX
03065.png,BUU
03066.png,M12X
03067.png,RV5
03068.png,6
03069.png,Z4BU
03070.png,5
03071.png,V
03072.png,Y2UA
03073.png,YU
03074.png,7
03075.png,6
03076.png,EC
03077.png,BMRU
03078.png,AQL
03079.png,7PM
03080.png,QBU5
03081.png,S
03082.png,Z
03083.png,5
03084.png,Q
03085.png,S
03086.png,5
03087.png,RQ2
03088.png,4Y26
03089.png,Z
03090.png,C
03091.png,QOL
03092.png,GHUC
03093.png,25
03094.png,4C
03095.png,CX
03096.png,W
03097.png,G2
03098.png,ZNU
03099.png,LE
03100.png,YZM
03101.png,O2
03102.png,
03103.png,BV
03104.png,2
03105.png,1
03106.png,BR
03107.png,5
03108.png,2
03109.png,ZHBR
03110.png,QS
03111.png,O
03112.png,FR1
03113.png,RYC
03114.png,YU
03115.png,OF5
03116.png,76Y
03117.png,2U
03118.png,OUL
03119.png,2U
03120.png,WA
03121.png,BYW
03122.png,C
03123.png,
03124.png,OWU
03125.png,U4Y
03126.png,73L
03127.png,OP
03128.png,W
03129.png,6AM
03130.png,QOU
03131.png,OWT
03132.png,KO2
03133.png,SO4L
03134.png,YH
03135.png,S
03136.png,G
03137.png,O
03138.png,X
03139.png,7U
03140.png,ZNRE
03141.png,U
03142.png,BZMU
03143.png,4
03144.png,BFO2
03145.png,5ZK
03146.png,OE
03147.png,BMU
03148.png,AZSU
03149.png,52
03150.png,L
03151.png,NC
03152.png,
03153.png,O
03154.png,AX21
03155.png,CT
03156.png,W
03157.png,KH
03158.png,1L
03159.png,7K
03160.png,ZO6
03161.png,Y
03162.png,7RWL
03163.png,ZUL
03164.png,HFM
03165.png,
03166.png,7QPY
03167.png,NU
03168.png,ZSR
03169.png,C
03170.png,
03171.png,EPG2
03172.png,C4
03173.png,GU
03174.png,4QV
03175.png,YMAR
03176.png,62L
03177.png,MV4
03178.png,C
03179.png,B2U
03180.png,7GU4
03181.png,YB25
03182.png,FH
03183.png,QHW
03184.png,E
03185.png,5VA
03186.png,OQSW
03187.png,7
03188.png,Q
03189.png,A
03190.png,O3A
03191.png,5
03192.png,Q
03193.png,6
03194.png,Y
03195.png,1CR
03196.png,525
03197.png,5YW
03198.png,BX7U
03199.png,PA
03200.png,OG
03201.png,7QU
03202.png,7BU1
03203.png,AS
03204.png,BRB
03205.png,ZNU
03206.png,5QBY
03207.png,OWU
03208.png,O6U
03209.png,C
03210.png,O
03211.png,3
03212.png,EZSU
03213.png,S
03214.png,Y2E
03215.png,2
03216.png,OC
03217.png,7W2
03218.png,YZBM
03219.png,O2U
03220.png,YO
03221.png,9CW
03222.png,AK5
03223.png,4SG
03224.png,RN2X
03225.png,7QU1
03226.png,5U
03227.png,2R
03228.png,RUU
03229.png,WQ7
03230.png,XM2L
03231.png,5C2
03232.png,7YS
03233.png,U72
03234.png,B2
03235.png,7K5
03236.png,5Y
03237.png,OZFE
03238.png,GB
03239.png,5
03240.png,BF2
03241.png,5U
03242.png,5ZW2
03243.png,CUU
03244.png,4
03245.png,C
03246.png,WQK
03247.png,7W2B
03248.png,U
03249.png,C
03250.png,PYW
03251.png,7
03252.png,S
03253.png,Y
03254.png,6YM
03255.png,OKWH
03256.png,OGY
03257.png,ZO
03258.png,5Q7
03259.png,ZY
03260.png,5ZYE
03261.png,U42R
03262.png,ZZHE
03263.png,OWF
03264.png,VR
03265.png,ZY
03266.png,S
03267.png,E
03268.png,U
03269.png,CB4
03270.png,Q25
03271.png,CYU
03272.png,2
03273.png,Y7
03274.png,S
03275.png,O7UR
03276.png,DQS
03277.png,OR
03278.png,ZB2U
03279.png,WXK
03280.png,YW1
03281.png,OZ7
03282.png,4G5
03283.png,UV
03284.png,EZNG
03285.png,Y
03286.png,A6R
03287.png,7R
03288.png,2
03289.png,5
03290.png,G2
03291.png,WS
03292.png,GYKR
03293.png,S
03294.png,ZN2
03295.png,VU
03296.png,2U
03297.png,2
03298.png,5UA
03299.png,Z4U
03300.png,ASCP
03301.png,5FE
03302.png,4U
03303.png,OE1
03304.png,Z2
03305.png,52UU
03306.png,YY
03307.png,721
03308.png,YFHY
03309.png,25
03310.png,ORE1
03311.png,C
03312.png,P2U
03313.png,5T
03314.png,H
03315.png,A4YE
03316.png,M
03317.png,ZN
03318.png,7FSP
03319.png,K
03320.png,QR
03321.png,WEX
03322.png,5
03323.png,T
03324.png,OM
03325.png,RXN
03326.png,2
03327.png,ORV1
03328.png,OY24
03329.png,GYL
03330.png,P
03331.png,B
03332.png,2
03333.png,
03334.png,2M
03335.png,7MA2
03336.png,YZ25
03337.png,H5
03338.png,HT
03339.png,7Z2U
03340.png,YA
03341.png,TC2C
03342.png,8
03343.png,HC
03344.png,R
03345.png,5YU
03346.png,U
03347.png,2
03348.png,AP
03349.png,G
03350.png,5
03351.png,KQ2
03352.png,O2
03353.png,SW
03354.png,U
03355.png,5AWB
03356.png,HM
03357.png,GYU
03358.png,R
03359.png,7W2M
03360.png,UC
03361.png,75C
03362.png,G
03363.png,7WAB
03364.png,5
03365.png,M
03366.png,BK
03367.png,Z
03368.png,B
03369.png,6
03370.png,ZR
03371.png,76
03372.png,2R
03373.png,O5A
03374.png,BW
03375.png,Y
03376.png,AZAU
03377.png,Q
03378.png,ZG
03379.png,V
03380.png,UY
03381.png,7QC2
03382.png,W
03383.png,ZN
03384.png,RFO5
03385.png,OU1
03386.png,OM
03387.png,YG
03388.png,
03389.png,S
03390.png,R
03391.png,OV
03392.png,2L
03393.png,G
03394.png,5Z
03395.png,OA
03396.png,5G
03397.png,QU
03398.png,OPCU
03399.png,5U
03400.png,WM
03401.png,B1
03402.png,7OV5
03403.png,QW
03404.png,W
03405.png,O
03406.png,BFUU
03407.png,OS4E
03408.png,SCUL
03409.png,
03410.png,ZE
03411.png,OFE
03412.png,5
03413.png,QC2
03414.png,G
03415.png,Q
03416.png,G2U
03417.png,5CS
03418.png,5Q2
03419.png,Y81
03420.png,R
03421.png,EF
03422.png,7SR1
03423.png,YNU
03424.png,7G1
03425.png,E2U5
03426.png,ONGB
03427.png,72
03428.png,OY21
03429.png,OQWY
03430.png,U
03431.png,7Z2
03432.png,GQSU
03433.png,RUAL
03434.png,O
03435.png,OPU
03436.png,7O
03437.png,RCUU
03438.png,72
03439.png,Z2
03440.png,YCR
03441.png,OG1
03442.png,B2RA
03443.png,XBP1
03444.png,72
03445.png,4QVM
03446.png,5OC
03447.png,H
03448.png,YZUU
03449.png,HA
03450.png,7C
03451.png,S
03452.png,M
03453.png,6
03454.png,4X4
03455.png,ZW
03456.png,2
03457.png,G5
03458.png,Z
03459.png,6
03460.png,GNMG
03461.png,H
03462.png,RMP
03463.png,B
03464.png,
03465.png,TY
03466.png,CU
03467.png,FO42
03468.png,MU
03469.png,MOU2
03470.png,H
03471.png,Q
03472.png,U
03473.png,
03474.png,BU
03475.png,K
03476.png,7URM
03477.png,OY
03478.png,OV
03479.png,HN
03480.png,7YGM
03481.png,AY
03482.png,6UGM
03483.png,2E
03484.png,AW2
03485.png,YE
03486.png,LKWM
03487.png,ZA
03488.png,R
03489.png,G25R
03490.png,WY5
03491.png,GRUY
03492.png,6
03493.png,5
03494.png,5YC
03495.png,WKM5
03496.png,7FSY
03497.png,E
03498.png,3
03499.png,RS
03500.png,OWA
03501.png,AMUU
03502.png,GA2U
03503.png,2
03504.png,NU
03505.png,OZ
03506.png,YM
03507.png,Q
03508.png,O215
03509.png,W6
03510.png,8
03511.png,ME
03512.png,HB
03513.png,Y
03514.png,AM2
03515.png,BUT
03516.png,YGB
03517.png,YFGW
03518.png,SEP
03519.png,Y
03520.png,QCY
03521.png,HBY
03522.png,Y1UU
03523.png,5K
03524.png,OK
03525.png,N
03526.png,7K
03527.png,M
03528.png,GA
03529.png,SA
03530.png,Q
03531.png,7QFV
03532.png,7
03533.png,C25
03534.png,ZS
03535.png,SL
03536.png,
03537.png,4Z7
03538.png,EQU
03539.png,B6
03540.png,M
03541.png,5HE
03542.png,OS2
03543.png,VOWC
03544.png,WYUM
03545.png,5S
03546.png,2Y
03547.png,W
03548.png,KA8U
03549.png,Q
03550.png,U
03551.png,WE
03552.png,9
03553.png,BS
03554.png,5K
03555.png,SW5
03556.png,QN
03557.png,7P
03558.png,6A
03559.png,OWR
03560.png,W2
03561.png,SU
03562.png,S
03563.png,W
03564.png,ZOB
03565.png,CUL
03566.png,YL
03567.png,Y
03568.png,WQY
03569.png,GSM1
03570.png,L
03571.png,5
03572.png,5MUR
03573.png,W
03574.png,7
03575.png,WZNL
03576.png,B2
03577.png,BKHU
03578.png,1
03579.png,5F21
03580.png,Z4
03581.png,4UNW
03582.png,WS2
03583.png,7G
03584.png,7UH
03585.png,RA
03586.png,QUU
03587.png,72L
03588.png,YU
03589.png,BFGU
03590.png,25
03591.png,YBW1
03592.png,7
03593.png,CXU4
03594.png,Y
03595.png,2
03596.png,W
03597.png,OL
03598.png,51
03599.png,R
03600.png,W2
03601.png,2
03602.png,125
03603.png,YBN
03604.png,7WP
03605.png,AV
03606.png,HZ7Y
03607.png,RU
03608.png,OQRU
03609.png,O5P
03610.png,A2BE
03611.png,AF2Y
03612.png,O
03613.png,KXBU
03614.png,OMBU
03615.png,YS55
03616.png,2
03617.png,O2
03618.png,7ZCP
03619.png,OMF6
03620.png,7YG
03621.png,OV
03622.png,A
03623.png,AY2
03624.png,G
03625.png,G4
03626.png,U
03627.png,UYY
03628.png,Y
03629.png,ZS5U
03630.png,EYVU
03631.png,Y6S
03632.png,O7A
03633.png,OC2U
03634.png,F
03635.png,OY
03636.png,C
03637.png,QU1
03638.png,SC
03639.png,7RU5
03640.png,B
03641.png,ZCU5
03642.png,B
03643.png,Q7K
03644.png,6
03645.png,
03646.png,OBF
03647.png,POWA
03648.png,7WU1
03649.png,XO
03650.png,SA
03651.png,Y
03652.png,Q
03653.png,XUA
03654.png,G1S
03655.png,Q2U
03656.png,Y7G
03657.png,E
03658.png,X
03659.png,OU
03660.png,P
03661.png,QUF
03662.png,OUM
03663.png,2
03664.png,OX4
03665.png,AU
03666.png,XA2H
03667.png,7CK
03668.png,H72U
03669.png,Y2U
03670.png,2U
03671.png,U
03672.png,5
03673.png,53
03674.png,GZC
03675.png,OV
03676.png,Z5
03677.png,O7V
03678.png,2AU
03679.png,P
03680.png,HYL
03681.png,KK
03682.png,7RY2
03683.png,7ZAU
03684.png,1
03685.png,Z
03686.png,U
03687.png,ZZ8P
03688.png,SM
03689.png,CV
03690.png,5Q
03691.png,H
03692.png,AYY
03693.png,AV
03694.png,HYU
03695.png,WAUG
03696.png,OYOU
03697.png,KU
03698.png,
03699.png,QB
03700.png,AA4
03701.png,PQ
03702.png,UBAU
03703.png,BBUU
03704.png,P
03705.png,OF2
03706.png,O
03707.png,5OR
03708.png,5XA
03709.png,ARY
03710.png,7QT
03711.png,O2
03712.png,72
03713.png,OO2U
03714.png,B7UM
03715.png,A
03716.png,EUC
03717.png,QM
03718.png,M
03719.png,A
03720.png,5Y3G
03721.png,A2
03722.png,GGY
03723.png,HVU
03724.png,RU
03725.png,
03726.png,CE
03727.png,A7R
03728.png,72
03729.png,F7G
03730.png,YUN5
03731.png,
03732.png,O
03733.png,7
03734.png,COL
03735.png,HR1
03736.png,ZCV
03737.png,YS
03738.png,OYR
03739.png,622Y
03740.png,7
03741.png,P2
03742.png,XCE
03743.png,F
03744.png,QBUM
03745.png,6X
03746.png,YO2L
03747.png,64
03748.png,PM
03749.png,U5
03750.png,K
03751.png,QY
03752.png,A2
03753.png,B
03754.png,RFAR
03755.png,QV
03756.png,HE
03757.png,KZC1
03758.png,7YE1
03759.png,B62E
03760.png,A
03761.png,U
03762.png,A
03763.png,H7A
03764.png,HYBW
03765.png,BA
03766.png,OHR
03767.png,V
03768.png,2
03769.png,RP
03770.png,5Z44
03771.png,BY
03772.png,X
03773.png,OCGT
03774.png,G3UM
03775.png,W
03776.png,B1
03777.png,5N
03778.png,2
03779.png,X2
03780.png,O
03781.png,R
03782.png,2
03783.png,12Y
03784.png,W1
03785.png,G2
03786.png,OZG
03787.png,24
03788.png,ZB
03789.png,UY
03790.png,ON2E
03791.png,OU
03792.png,B
03793.png,ZM
03794.png,SH2U
03795.png,
03796.png,AYU
03797.png,O2
03798.png,K
03799.png,OZN
03800.png,5YO1
03801.png,CKS
03802.png,RU
03803.png,OZO
03804.png,EW
03805.png,O
03806.png,QU
03807.png,BQFP
03808.png,H
03809.png,B5
03810.png,PB2
03811.png,QL
03812.png,M
03813.png,U
03814.png,ORU
03815.png,
03816.png,5MUX
03817.png,
03818.png,WU
03819.png,U
03820.png,S
03821.png,OBU1
03822.png,7Z72
03823.png,OUMX
03824.png,6YW
03825.png,B
03826.png,YM
03827.png,C
03828.png,OU
03829.png,HR
03830.png,Y
03831.png,AYPE
03832.png,A3H
03833.png,YG
03834.png,YF72
03835.png,FU
03836.png,SO5
03837.png,YUY
03838.png,WW
03839.png,X1W
03840.png,OWE
03841.png,ZUUX
03842.png,EU
03843.png,7W
03844.png,QS
03845.png,Z5
03846.png,OOEU
03847.png,U
03848.png,Y
03849.png,Q
03850.png,OUM
03851.png,Z
03852.png,WAUX
03853.png,Y
03854.png,W4WL
03855.png,62U
03856.png,SEU
03857.png,KZ2H
03858.png,F2V1
03859.png,5
03860.png,Y
03861.png,N2W
03862.png,7
03863.png,F2L
03864.png,UU
03865.png,7N5
03866.png,W
03867.png,SM
03868.png,BSUE
03869.png,XM
03870.png,LVH
03871.png,OU8
03872.png,7QK
03873.png,Y
03874.png,8
03875.png,P5
03876.png,3U
03877.png,WWB
03878.png,Z
03879.png,OFOS
03880.png,R6
03881.png,BXBU
03882.png,OZ85
03883.png,ZB2
03884.png,B6
03885.png,7ZB
03886.png,BCU
03887.png,7GBG
03888.png,
03889.png,WBK
03890.png,YS25
03891.png,UU
03892.png,FKL
03893.png,OQA1
03894.png,7QPH
03895.png,Y
03896.png,C
03897.png,P
03898.png,H4GX
03899.png,Z12L
03900.png,QO
03901.png,OU
03902.png,UMU
03903.png,WGUU
03904.png,CM
03905.png,Y
03906.png,M
03907.png,E6
03908.png,ZE
03909.png,Y7S
03910.png,4X
03911.png,QU
03912.png,12
03913.png,OWG
03914.png,72
03915.png,6U2C
03916.png,WA
03917.png,Q
03918.png,7
03919.png,F
03920.png,OV
03921.png,CUU
03922.png,DM7T
03923.png,A1
03924.png,N
03925.png,K
03926.png,CU
03927.png,U
03928.png,HU2
03929.png,76M
03930.png,OK
03931.png,76Y8
03932.png,MU
03933.png,MK
03934.png,P
03935.png,OG
03936.png,Z2
03937.png,OY9
03938.png,QYBL
03939.png,Q
03940.png,7A2U
03941.png,Y22
03942.png,ZFT
03943.png,7
03944.png,7O5
03945.png,BNC5
03946.png,BU
03947.png,AG5
03948.png,B
03949.png,OOC
03950.png,YZYU
03951.png,WYN5
03952.png,5M2
03953.png,U
03954.png,OBEU
03955.png,E
03956.png,4
03957.png,ZK
03958.png,1
03959.png,QY
03960.png,OAC5
03961.png,M
03962.png,OZG
03963.png,WG2R
03964.png,OXUE
03965.png,QC
03966.png,7M
03967.png,OKB
03968.png,7U2
03969.png,
03970.png,
03971.png,Y4
03972.png,E
03973.png,7OU
03974.png,V
03975.png,2
03976.png,E
03977.png,2
03978.png,
03979.png,W
03980.png,QY
03981.png,2
03982.png,P
03983.png,VBUU
03984.png,A
03985.png,4
03986.png,OZ2U
03987.png,2
03988.png,OV1M
03989.png,F4T
03990.png,BT
03991.png,AU
03992.png,U
03993.png,QC
03994.png,KM
03995.png,X
03996.png,7PBG
03997.png,KG
03998.png,TU
03999.png,O
04000.png,UGE
04001.png,YQYU
04002.png,RB
04003.png,5B
04004.png,ZC1
04005.png,KE
04006.png,
04007.png,OGO2
04008.png,2
04009.png,B1
04010.png,WPV
04011.png,O
04012.png,FSUT
04013.png,YZO2
04014.png,AP2U
04015.png,7
04016.png,OGB2
04017.png,F2U
04018.png,OMU
04019.png,C2B
04020.png,U
04021.png,RBH
04022.png,2
04023.png,RCV5
04024.png,QV
04025.png,OS
04026.png,Q
04027.png,G6M2
04028.png,RV1
04029.png,SUX
04030.png,B64U
04031.png,OOE
04032.png,1YR
04033.png,W
04034.png,5UE
04035.png,BX
04036.png,5VBU
04037.png,HFV
04038.png,U
04039.png,YM
04040.png,WP
04041.png,ACY
04042.png,5Q2U
04043.png,A6M
04044.png,QKK1
04045.png,2T
04046.png,M5
04047.png,W
04048.png,RAY
04049.png,7
04050.png,BF2E
04051.png,BE
04052.png,W
04053.png,A3A
04054.png,W2
04055.png,V
04056.png,N
04057.png,
04058.png,W
04059.png,7ZAU
04060.png,BMYU
04061.png,CV1
04062.png,COP
04063.png,5FU
04064.png,PNA5
04065.png,WM
04066.png,R2YE
04067.png,4FV
04068.png,V
04069.png,U
04070.png,R
04071.png,YU5
04072.png,YH5R
04073.png,NW
04074.png,CG
04075.png,OR1U
04076.png,FW
04077.png,B
04078.png,O4E1
04079.png,OR
04080.png,YY55
04081.png,OUUM
04082.png,GG
04083.png,O65
04084.png,7
04085.png,3
04086.png,BKE
04087.png,K
04088.png,7B
04089.png,L
04090.png,5ZVM
04091.png,77U
04092.png,Y6G
04093.png,735
04094.png,R2W9
04095.png,KBU
04096.png,2X
04097.png,O
04098.png,GZ4E
04099.png,CW
04100.png,X6
04101.png,7K
04102.png,7Y
04103.png,5RK1
04104.png,OSBM
04105.png,A
04106.png,BWAU
04107.png,7MY
04108.png,
04109.png,QU
04110.png,7U
04111.png,YCM
04112.png,YYU5
04113.png,GR
04114.png,A
04115.png,Y
04116.png,Z
04117.png,CVP
04118.png,WZU
04119.png,O
04120.png,C
04121.png,OY25U
04122.png,5G2U
04123.png,7
04124.png,OQ
04125.png,Y
04126.png,QR
04127.png,VSA
04128.png,X
04129.png,5U
04130.png,SU
04131.png,V4
04132.png,3
04133.png,A
04134.png,Y
04135.png,3U
04136.png,72
04137.png,RMW
04138.png,AKB2
04139.png,
04140.png,Q7
04141.png,6YV
04142.png,Z
04143.png,N0
04144.png,W
04145.png,71
04146.png,1R4
04147.png,Q1H
04148.png,Q
04149.png,H622
04150.png,O2U
04151.png,ABH
04152.png,U
04153.png,OZUU
04154.png,YQW
04155.png,BO8H
04156.png,7A2U
04157.png,T
04158.png,ZR
04159.png,BP1U
04160.png,A7UY
04161.png,BG
04162.png,YR
04163.png,BGR
04164.png,QCUU
04165.png,5U
04166.png,OZ
04167.png,W
04168.png,2
04169.png,O
04170.png,OMUP
04171.png,YQKB
04172.png,W
04173.png,KQA
04174.png,X
04175.png,U
04176.png,52EY
04177.png,ZMH
04178.png,ZE5
04179.png,XV
04180.png,5ZOU
04181.png,WSCC
04182.png,3C1
04183.png,SY2
04184.png,F
04185.png,BYU5
04186.png,
04187.png,L
04188.png,Z
04189.png,5QM
04190.png,XN
04191.png,YUBM
04192.png,XFY
04193.png,ZGYE
04194.png,7Z
04195.png,Z
04196.png,S
04197.png,7SWU
04198.png,GFH
04199.png,ON4
04200.png,7QR
04201.png,72MU
04202.png,WO84
04203.png,7Z2U
04204.png,Z7UM
04205.png,OB
04206.png,Z7
04207.png,OAWH
04208.png,7X5
04209.png,OQ7
04210.png,YRL
04211.png,5
04212.png,4HP
04213.png,5QU
04214.png,HSP
04215.png,QC
04216.png,7YVU
04217.png,54KU
04218.png,SU
04219.png,XU
04220.png,B
04221.png,GT
04222.png,5YB
04223.png,72
04224.png,ZY
04225.png,Y
04226.png,Q2
04227.png,UL
04228.png,7QSX
04229.png,O6YA
04230.png,5Y
04231.png,W1V
04232.png,U
04233.png,OZ7U
04234.png,PX
04235.png,OY5
04236.png,CZ7U
04237.png,C
04238.png,QER
04239.png,R
04240.png,BC
04241.png,KQ
04242.png,
04243.png,M8
04244.png,2L
04245.png,UE
04246.png,WQUU
04247.png,Q
04248.png,SU
04249.png,WXU
04250.png,RPT
04251.png,1U
04252.png,KKUH
04253.png,Q7Y
04254.png,BUM
04255.png,U
04256.png,7Q2L
04257.png,KU
04258.png,CGOU
04259.png,MUM
04260.png,7BU4
04261.png,RG1
04262.png,BP5
04263.png,AB
04264.png,YZO
04265.png,5ZSE
04266.png,6R
04267.png,YQK5
04268.png,
04269.png,W
04270.png,7WR
04271.png,Y2Y5
04272.png,R1VE
04273.png,R
04274.png,C
04275.png,KZ2
04276.png,C
04277.png,WHU
04278.png,73
04279.png,HSY
04280.png,5WN
04281.png,Y
04282.png,W
04283.png,BROR
04284.png,QU
04285.png,QG
04286.png,AZGU
04287.png,O
04288.png,7CU4
04289.png,GGU
04290.png,QA6
04291.png,YCUL
04292.png,ZW
04293.png,CU
04294.png,RVGU
04295.png,BRVH
04296.png,B
04297.png,Y
04298.png,AKA
04299.png,OYWX
04300.png,
04301.png,R
04302.png,OUE
04303.png,ABY1
04304.png,O
04305.png,7YGE
04306.png,FHY
04307.png,C7V5
04308.png,5A
04309.png,7
04310.png,GM25
04311.png,AXUE
04312.png,WT
04313.png,A
04314.png,OFM
04315.png,M
04316.png,2
04317.png,ZAL
04318.png,CV
04319.png,2
04320.png,AA
04321.png,QB
04322.png,BQ
04323.png,PUY
04324.png,YC4
04325.png,71
04326.png,H2ER
04327.png,Y4
04328.png,QCUT
04329.png,WY
04330.png,O6OR
04331.png,OFYL
04332.png,RFW
04333.png,RS
04334.png,A
04335.png,W
04336.png,OUK1
04337.png,B
04338.png,G
04339.png,WZAM
04340.png,PE
04341.png,7CU1
04342.png,E
04343.png,OP
04344.png,RQS
04345.png,E
04346.png,Q4Y
04347.png,4OU1
04348.png,7Q
04349.png,W
04350.png,W
04351.png,K
04352.png,2
04353.png,MM5
04354.png,4
04355.png,7GU
04356.png,7U1
04357.png,YM
04358.png,QU
04359.png,O6UW
04360.png,WR
04361.png,97E5
04362.png,
04363.png,
04364.png,WVVE
04365.png,U
04366.png,WCCX
04367.png,K
04368.png,OQAG
04369.png,OW
04370.png,QO
04371.png,OB
04372.png,UM
04373.png,G
04374.png,Y5
04375.png,O
04376.png,A6C
04377.png,75
04378.png,ZMGF
04379.png,AGPG
04380.png,ZCYU
04381.png,Y1W
04382.png,3
04383.png,U
04384.png,QS6
04385.png,GB8H
04386.png,5W2
04387.png,DWO
04388.png,YS
04389.png,55
04390.png,YNA
04391.png,OBE
04392.png,OU8
04393.png,CV5
04394.png,OM2
04395.png,772
04396.png,Q
04397.png,XAUL
04398.png,2VU
04399.png,XOA5
04400.png,YYUU
04401.png,XN2
04402.png,Y
04403.png,7
04404.png,O
04405.png,V2WY
04406.png,
04407.png,UU
04408.png,
04409.png,K
04410.png,U
04411.png,T
04412.png,OCG1
04413.png,6SP
04414.png,W1X
04415.png,YK
04416.png,56OM
04417.png,W6
04418.png,M
04419.png,U
04420.png,7
04421.png,BY
04422.png,YV
04423.png,5PB
04424.png,73WB
04425.png,Z
04426.png,YW2A
04427.png,OB2Y
04428.png,C
04429.png,OO
04430.png,LZK
04431.png,72BU
04432.png,Y
04433.png,R
04434.png,C
04435.png,HF
04436.png,WW
04437.png,B
04438.png,QBT
04439.png,Y
04440.png,FU
04441.png,2
04442.png,R
04443.png,YBYU
04444.png,AU
04445.png,OWKH
04446.png,W6B
04447.png,W
04448.png,OFA
04449.png,52U
04450.png,O
04451.png,2
04452.png,M
04453.png,G2
04454.png,WYU
04455.png,E
04456.png,2U
04457.png,OQ1B
04458.png,7ZB
04459.png,R
04460.png,A
04461.png,Z
04462.png,B62E
04463.png,O5
04464.png,BPPU
04465.png,Y
04466.png,7ZO4
04467.png,W2
04468.png,MM
04469.png,
04470.png,YMUU
04471.png,KCIU
04472.png,OS
04473.png,Q2
04474.png,S
04475.png,QP
04476.png,ZUL
04477.png,YYR
04478.png,ZW
04479.png,VU
04480.png,OZYL
04481.png,X
04482.png,OQU
04483.png,5X71
04484.png,CL
04485.png,RSC
04486.png,AT
04487.png,4Q
04488.png,A
04489.png,X5
04490.png,AUE
04491.png,YQ
04492.png,
04493.png,A6W
04494.png,KZRC
04495.png,2
04496.png,AV5
04497.png,WR71
04498.png,AU
04499.png,Z2
04500.png,2
04501.png,G
04502.png,C
04503.png,WZ25
04504.png,YI
04505.png,51
04506.png,S
04507.png,7R
04508.png,ZY
04509.png,6
04510.png,Y5
04511.png,OW1
04512.png,FM
04513.png,G2
04514.png,OU
04515.png,OP
04516.png,Y
04517.png,XYE
04518.png,1
04519.png,ZMA
04520.png,5B7U
04521.png,O14
04522.png,CG2G
04523.png,OU
04524.png,OZS6
04525.png,O
04526.png,26
04527.png,7GU
04528.png,OX
04529.png,7M
04530.png,5
04531.png,M
04532.png,
04533.png,7X
04534.png,YBU
04535.png,M
04536.png,
04537.png,E
04538.png,7WPM
04539.png,S
04540.png,O
04541.png,W124
04542.png,KSU5
04543.png,S
04544.png,PU1
04545.png,5YSU
04546.png,Q2
04547.png,GQ1V
04548.png,O
04549.png,P
04550.png,CI1
04551.png,ORKU
04552.png,UU
04553.png,P
04554.png,7
04555.png,7O
04556.png,CY
04557.png,42
04558.png,AFM
04559.png,Y25
04560.png,H28
04561.png,E
04562.png,U
04563.png,A
04564.png,QY
04565.png,2
04566.png,GB
04567.png,R
04568.png,GZ
04569.png,L
04570.png,RV
04571.png,A
04572.png,SV
04573.png,
04574.png,C
04575.png,BRSV
04576.png,Y
04577.png,WXA5
04578.png,GWBH
04579.png,NGU
04580.png,Y4E1
04581.png,O4
04582.png,WBFG
04583.png,YACH
04584.png,
04585.png,7ZY
04586.png,KU
04587.png,MR
04588.png,YWCW
04589.png,5
04590.png,
04591.png,7S
04592.png,7W
04593.png,M
04594.png,U
04595.png,OYU
04596.png,5P
04597.png,OU
04598.png,GC
04599.png,KCR
04600.png,KU
04601.png,VH
04602.png,QN1
04603.png,
04604.png,UBE
04605.png,VL
04606.png,5QSA
04607.png,N
04608.png,A
04609.png,75M
04610.png,E5
04611.png,GS
04612.png,Y2HY
04613.png,YZA
04614.png,YUG
04615.png,S5
04616.png,CO
04617.png,O721
04618.png,ZOC
04619.png,ZU
04620.png,ANU
04621.png,L
04622.png,BFHC
04623.png,FG
04624.png,K
04625.png,7
04626.png,5Q5
04627.png,DZ
04628.png,K
04629.png,
04630.png,S
04631.png,B
04632.png,7MA5
04633.png,GBU
04634.png,C
04635.png,5
04636.png,5QP
04637.png,PT
04638.png,7ZS
04639.png,B
04640.png,U
04641.png,7ZW1
04642.png,58
04643.png,OKP
04644.png,S
04645.png,OSU
04646.png,71U
04647.png,FBX
04648.png,5K2
04649.png,QV
04650.png,A
04651.png,A
04652.png,YS
04653.png,
04654.png,YZV
04655.png,PU
04656.png,YF
04657.png,QNW
04658.png,7W
04659.png,YXOU
04660.png,ZBL
04661.png,4Z2G
04662.png,H
04663.png,
04664.png,7W
04665.png,B625
04666.png,UT
04667.png,2W
04668.png,7
04669.png,VO
04670.png,AU
04671.png,C5U
04672.png,C
04673.png,V
04674.png,Q
04675.png,3Y
04676.png,M
04677.png,DS
04678.png,7UE
04679.png,Y65
04680.png,BG
04681.png,ZO
04682.png,BZOU
04683.png,Y5
04684.png,M2
04685.png,43
04686.png,4
04687.png,7SV5
04688.png,
04689.png,G
04690.png,ZU
04691.png,OPW5
04692.png,NVU
04693.png,5C
04694.png,Q
04695.png,FM
04696.png,U
04697.png,Y7A
04698.png,2
04699.png,YSUU
04700.png,Y
04701.png,52WM
04702.png,Y
04703.png,Z2WU
04704.png,P
04705.png,Y
04706.png,AGKV
04707.png,ZL
04708.png,5U1E
04709.png,U4
04710.png,BS
04711.png,OK
04712.png,5Z
04713.png,SK
04714.png,SL
04715.png,G2R
04716.png,UU
04717.png,WZ
04718.png,
04719.png,OU
04720.png,7Y
04721.png,7C1
04722.png,PZ2
04723.png,U
04724.png,PYBUU
04725.png,HY
04726.png,NP
04727.png,M
04728.png,U
04729.png,KUU
04730.png,
04731.png,W6
04732.png,FGGX
04733.png,Q2WE
04734.png,1
04735.png,U
04736.png,5T
04737.png,ZUWU
04738.png,47SY
04739.png,5W
04740.png,31
04741.png,AU
04742.png,XM
04743.png,YUU
04744.png,E
04745.png,QUY
04746.png,X5
04747.png,
04748.png,GHCA
04749.png,
04750.png,YQKW
04751.png,5Z3U
04752.png,YY2P
04753.png,UWA
04754.png,YO
04755.png,ZYS
04756.png,WU
04757.png,3
04758.png,Y
04759.png,7
04760.png,QO2
04761.png,7W2
04762.png,OZK
04763.png,Y2S
04764.png,RZVR
04765.png,WQW
04766.png,OM
04767.png,A5U
04768.png,YZWL
04769.png,P
04770.png,W
04771.png,Y25
04772.png,U
04773.png,62
04774.png,2
04775.png,VM
04776.png,OW
04777.png,R
04778.png,SUL
04779.png,WWH
04780.png,3
04781.png,5RWU
04782.png,HGB
04783.png,BUU
04784.png,V
04785.png,5CU
04786.png,U
04787.png,LSCU
04788.png,7C
04789.png,G
04790.png,U
04791.png,E
04792.png,U
04793.png,FUL
04794.png,O62
04795.png,YQG
04796.png,5KUX
04797.png,Y
04798.png,ZH2U
04799.png,YL
04800.png,WWUW
04801.png,OU
04802.png,3YU
04803.png,OZB
04804.png,BXL
04805.png,KYBK
04806.png,S5U
04807.png,WXVU
04808.png,Y5
04809.png,
04810.png,UHP
04811.png,OC
04812.png,BWU
04813.png,5OU1
04814.png,5ZM
04815.png,U
04816.png,B
04817.png,KY1
04818.png,7S21
04819.png,O
04820.png,Q
04821.png,C
04822.png,U
04823.png,Y6O4
04824.png,7N
04825.png,S
04826.png,ZY
04827.png,OQ
04828.png,YM
04829.png,YSP
04830.png,LP7H
04831.png,2Y
04832.png,GUWY
04833.png,W2W
04834.png,YO1
04835.png,RY2R
04836.png,57B
04837.png,FW
04838.png,56YP
04839.png,YG4Y
04840.png,YZOM
04841.png,CUW1
04842.png,7U1
04843.png,7R4
04844.png,W
04845.png,OW
04846.png,W6AR
04847.png,Z81
04848.png,7GE5
04849.png,P
04850.png,
04851.png,O7
04852.png,ZZU1
04853.png,WZB
04854.png,7L
04855.png,C
04856.png,Y
04857.png,2
04858.png,2U
04859.png,AGU
04860.png,YU
04861.png,ZNU
04862.png,FVW
04863.png,V
04864.png,M2
04865.png,OAU
04866.png,Z5
04867.png,A
04868.png,P
04869.png,AXV
04870.png,
04871.png,QU
04872.png,WQA
04873.png,6NU
04874.png,Z
04875.png,CKA
04876.png,WZBF
04877.png,55P
04878.png,2
04879.png,CUU
04880.png,B
04881.png,35
04882.png,57UR
04883.png,
04884.png,2
04885.png,36VE
04886.png,
04887.png,G
04888.png,KBYU
04889.png,7QW
04890.png,O68E
04891.png,PG2X
04892.png,7XAU
04893.png,O
04894.png,G
04895.png,L
04896.png,7U
04897.png,Y
04898.png,7R4V
04899.png,UU
04900.png,RT
04901.png,3GM
04902.png,5K2
04903.png,SUM2
04904.png,KW
04905.png,OXCV
04906.png,XU4
04907.png,7QR
04908.png,5QG
04909.png,5W2
04910.png,7U
04911.png,B25
04912.png,7M
04913.png,4W
04914.png,Y1
04915.png,MH
04916.png,BY
04917.png,ZN
04918.png,PZCW
04919.png,
04920.png,S
04921.png,F
04922.png,WS6
04923.png,PU
04924.png,GE
04925.png,P
04926.png,7BE
04927.png,7RU
04928.png,9FWU
04929.png,Y
04930.png,7YC1
04931.png,E2
04932.png,XU
04933.png,5QE
04934.png,QU6
04935.png,ZUC
04936.png,
04937.png,B2L
04938.png,3
04939.png,K
04940.png,C
04941.png,S2
04942.png,C
04943.png,7Y
04944.png,7M
04945.png,Z
04946.png,O2
04947.png,7Q2A
04948.png,MW
04949.png,
04950.png,QHL
04951.png,U
04952.png,QPCP
04953.png,H7N
04954.png,BZ
04955.png,E
04956.png,YFNU
04957.png,M7RU
04958.png,4
04959.png,QA
04960.png,OZMU4
04961.png,YWU
04962.png,
04963.png,5U
04964.png,AC
04965.png,7QBC
04966.png,
04967.png,ZSOM
04968.png,47
04969.png,7WU
04970.png,PG
04971.png,A
04972.png,AAU
04973.png,O2VY
04974.png,OC
04975.png,OB
04976.png,7
04977.png,WCMM
04978.png,BUEU
04979.png,GY
04980.png,F
04981.png,1P
04982.png,W
04983.png,OWA
04984.png,2L
04985.png,GW
04986.png,G
04987.png,
04988.png,U
04989.png,2G
04990.png,Y3U
04991.png,CSU
04992.png,W
04993.png,72U
04994.png,O2Y
04995.png,OOR
04996.png,BF
04997.png,AQL
04998.png,BRC2
04999.png,UL
